date;Italy;US;Spain;Germany;Korea,South
2020-01-22;0;1;0;0;0.0
2020-01-23;0;1;0;0;0.0
2020-01-24;0;2;0;0;0.0
2020-01-25;0;2;0;0;0.0
2020-01-26;0;5;0;0;0.0
2020-01-27;0;5;0;1;0.0
2020-01-28;0;5;0;4;0.0
2020-01-29;0;6;0;4;0.0
2020-01-30;0;6;0;4;0.0
2020-01-31;2;8;0;5;0.0
2020-02-01;2;8;1;8;0.0
2020-02-02;2;8;1;10;0.0
2020-02-03;2;11;1;12;0.0
2020-02-04;2;11;1;12;0.0
2020-02-05;2;11;1;12;0.0
2020-02-06;2;12;1;12;0.0
2020-02-07;3;12;1;13;0.0
2020-02-08;3;12;1;13;0.0
2020-02-09;3;12;2;14;0.0
2020-02-10;3;12;2;14;0.0
2020-02-11;3;13;2;16;0.0
2020-02-12;3;13;2;16;0.0
2020-02-13;3;14;2;16;0.0
2020-02-14;3;14;2;16;0.0
2020-02-15;3;14;2;16;0.0
2020-02-16;3;14;2;16;0.0
2020-02-17;3;14;2;16;0.0
2020-02-18;3;14;2;16;0.0
2020-02-19;3;14;2;16;0.0
2020-02-20;3;14;2;16;0.0
2020-02-21;20;16;2;16;0.0
2020-02-22;62;16;2;16;0.0
2020-02-23;155;16;2;16;0.0
2020-02-24;229;16;2;16;0.0
2020-02-25;322;16;6;16;0.0
2020-02-26;453;16;13;21;0.0
2020-02-27;655;17;15;26;0.0
2020-02-28;888;17;32;53;0.0
2020-02-29;1128;25;45;66;0.0
2020-03-01;1694;32;84;117;0.0
2020-03-02;2036;55;120;150;0.0
2020-03-03;2502;74;165;188;0.0
2020-03-04;3089;107;222;240;0.0
2020-03-05;3858;184;259;349;0.0
2020-03-06;4636;237;400;534;0.0
2020-03-07;5883;403;500;684;0.0
2020-03-08;7375;519;673;847;0.0
2020-03-09;9172;594;1073;1112;0.0
2020-03-10;10149;782;1695;1296;0.0
2020-03-11;12462;1147;2277;1567;0.0
2020-03-12;15113;1586;2277;2369;0.0
2020-03-13;17660;2219;5232;3062;0.0
2020-03-14;21157;2978;6391;3795;0.0
2020-03-15;24747;3212;7798;4838;0.0
2020-03-16;27980;4679;9942;6012;0.0
2020-03-17;31506;6512;11748;7156;0.0
2020-03-18;35713;9169;13910;8198;0.0
2020-03-19;41035;13663;17963;10999;0.0
2020-03-20;47021;20030;20410;13957;0.0
2020-03-21;53578;26025;25374;16662;0.0
2020-03-22;59138;34944;28768;18610;0.0
2020-03-23;63927;46096;35136;22672;0.0
2020-03-24;69176;56714;39885;27436;0.0
2020-03-25;74386;68841;49515;31554;0.0
2020-03-26;80589;86662;57786;36508;0.0
2020-03-27;86498;105253;65719;42288;0.0
2020-03-28;92472;127417;73235;48582;0.0
2020-03-29;97689;143544;80110;52547;0.0
2020-03-30;101739;165698;87956;57298;0.0
2020-03-31;105792;192079;95923;61913;0.0
2020-04-01;110574;223254;104118;67366;0.0
2020-04-02;115242;255530;112065;73522;0.0
2020-04-03;119827;287931;119199;79696;0.0
2020-04-04;124632;319776;126168;85778;0.0
2020-04-05;128948;349016;131646;91714;0.0
2020-04-06;132547;380798;136675;95391;0.0
2020-04-07;135586;410834;141942;99225;0.0
2020-04-08;139422;441897;148220;103228;0.0
2020-04-09;143626;477507;153222;108202;0.0
2020-04-10;147577;511790;158273;113525;0.0
2020-04-11;152271;540714;163027;117658;0.0
2020-04-12;156363;567022;166831;120479;0.0
2020-04-13;159516;594165;170099;123016;0.0
2020-04-14;162488;622493;172541;125098;0.0
2020-04-15;165155;648390;177644;127584;0.0
2020-04-16;168941;678028;184948;130450;0.0
2020-04-17;172434;711135;190839;133830;0.0
2020-04-18;175925;738464;191726;137439;0.0
2020-04-19;178972;763886;198674;139897;0.0
2020-04-20;181228;793970;200210;141672;0.0
2020-04-21;183957;820045;204178;143457;0.0
2020-04-22;187327;849926;208389;145694;0.0
2020-04-23;189973;881891;213024;148046;0.0
2020-04-24;192994;913856;202990;150383;0.0
2020-04-25;195351;944770;205905;152438;0.0
2020-04-26;197675;970741;207634;154175;0.0
2020-04-27;199414;995391;209465;155193;0.0
2020-04-28;201505;1019964;210773;156337;0.0
2020-04-29;203591;1046816;212917;157641;0.0
2020-04-30;205463;1076518;213435;159119;0.0
2020-05-01;207428;1111410;215216;160758;0.0
2020-05-02;209328;1138174;216582;161703;0.0
2020-05-03;210717;1161907;217466;162496;0.0
2020-05-04;211938;1185709;218011;163175;0.0
2020-05-05;213013;1209729;219329;163860;0.0
2020-05-06;214457;1234211;220325;164807;0.0
2020-05-07;215858;1261950;221447;166091;0.0
2020-05-08;217185;1289133;222857;167300;0.0
2020-05-09;218268;1313587;223578;168551;0.0
2020-05-10;219070;1332334;224350;169218;0.0
2020-05-11;219814;1351411;227436;169575;0.0
2020-05-12;221216;1374792;228030;170508;0.0
2020-05-13;222104;1394807;228691;171306;0.0
2020-05-14;223096;1420697;229540;172239;0.0
2020-05-15;223885;1445548;230183;173152;0.0
2020-05-16;224760;1469598;230698;173772;0.0
2020-05-17;225435;1488327;230698;174355;0.0
2020-05-18;225886;1510635;231606;174697;0.0
2020-05-19;226699;1531138;232037;175210;0.0
2020-05-20;227364;1553966;232555;176007;0.0
2020-05-21;228006;1579118;233037;176752;0.0
2020-05-22;228658;1602947;234824;177212;0.0
2020-05-23;229327;1623136;235290;177850;0.0
2020-05-24;229858;1643310;235772;178281;0.0
2020-05-25;230158;1662404;235400;178570;0.0
2020-05-26;230555;1681130;236259;179002;0.0
2020-05-27;231139;1699893;236259;179364;0.0
2020-05-28;231732;1721160;237906;179717;0.0
2020-05-29;232248;1746242;238564;180458;0.0
2020-05-30;232664;1769322;239228;181196;0.0
2020-05-31;232997;1788241;239479;181482;0.0
2020-06-01;233197;1806081;239638;181815;0.0
2020-06-02;233515;1826171;239932;182028;0.0
2020-06-03;233836;1845327;240326;182370;0.0
2020-06-04;234013;1873261;240660;182764;0.0
2020-06-05;234531;1899701;240978;183271;0.0
2020-06-06;234801;1919970;241310;183678;0.0
2020-06-07;234998;1937796;241550;183979;0.0
2020-06-08;235278;1954696;241717;184193;0.0
2020-06-09;235561;1975017;241966;184543;0.0
2020-06-10;235763;1996735;242280;184861;0.0
2020-06-11;236142;2019013;242707;185416;0.0
2020-06-12;236305;2044571;243209;185674;0.0
2020-06-13;236651;2068728;243605;186022;0.0
2020-06-14;236989;2087629;243928;186269;0.0
2020-06-15;237290;2108628;244109;186461;0.0
2020-06-16;237500;2133177;244328;186839;0.0
2020-06-17;237828;2160227;244683;187184;0.0
2020-06-18;238159;2188454;245268;187764;0.0
2020-06-19;238011;2219508;245575;188534;0.0
2020-06-20;238275;2251334;245938;189135;0.0
2020-06-21;238499;2277170;246272;189822;0.0
2020-06-22;238720;2306971;246504;190359;0.0
2020-06-23;238833;2345700;246752;190862;0.0
2020-06-24;239410;2381951;247086;191449;0.0
2020-06-25;239706;2421250;247486;192079;0.0
2020-06-26;239961;2470296;247905;192556;0.0
2020-06-27;240136;2511050;248469;193243;0.0
2020-06-28;240310;2553975;248770;193499;0.0
2020-06-29;240436;2595272;248970;193761;0.0
2020-06-30;240578;2645097;249271;194259;0.0
2020-07-01;240760;2694220;249659;194725;0.0
2020-07-02;240961;2749163;250103;195228;0.0
2020-07-03;241184;2800668;250545;195674;0.0
2020-07-04;241419;2846614;250545;196096;0.0
2020-07-05;241611;2900342;250545;196335;0.0
2020-07-06;241819;2943508;251789;196554;0.0
2020-07-07;241956;3000739;252130;196944;0.0
2020-07-08;242149;3061045;252513;197341;0.0
2020-07-09;242363;3120701;253056;197783;0.0
2020-07-10;242639;3189561;253908;198178;0.0
2020-07-11;242827;3250000;253908;198556;0.0
2020-07-12;243061;3310132;253908;198804;0.0
2020-07-13;243230;3369496;255953;198963;0.0
2020-07-14;243344;3435158;256619;199375;0.0
2020-07-15;243506;3501184;257494;199726;0.0
2020-07-16;243736;3571998;258855;200260;0.0
2020-07-17;243967;3638470;260255;200843;0.0
2020-07-18;244216;3702792;260255;201372;0.0
2020-07-19;244434;3761724;260255;201574;0.0
2020-07-20;244624;3822387;264836;201823;0.0
2020-07-21;244752;3890581;266194;202345;0.0
2020-07-22;245032;3958126;267551;202799;0.0
2020-07-23;245338;4026012;270166;203368;0.0
2020-07-24;245590;4101159;272421;204183;0.0
2020-07-25;245864;4165359;272421;204964;0.0
2020-07-26;246118;4221198;272421;205269;0.0
2020-07-27;246286;4280922;278782;205609;0.0
2020-07-28;246488;4345753;280610;206242;0.0
2020-07-29;246776;4409882;282641;206926;0.0
2020-07-30;247158;4479123;285430;207828;0.0
2020-07-31;247537;4543699;288522;208698;0.0
2020-08-01;247832;4601277;288522;209653;0.0
2020-08-02;248070;4648386;288522;209893;0.0
2020-08-03;248229;4690070;297054;210402;0.0
2020-08-04;248419;4751727;302814;211281;0.0
2020-08-05;248803;4806075;305767;212022;0.0
2020-08-06;249204;4866254;309855;213067;0.0
2020-08-07;249756;4926841;314362;214214;0.0
2020-08-08;250103;4990774;314362;215336;0.0
2020-08-09;250566;5045041;314362;215891;0.0
2020-08-10;250825;5096658;322980;216327;0.0
2020-08-11;251237;5153612;326612;217293;0.0
2020-08-12;251713;5208856;329784;218519;0.0
2020-08-13;252235;5260512;337334;219964;0.0
2020-08-14;252809;5330637;342813;221413;0.0
2020-08-15;253438;5383031;342813;222828;0.0
2020-08-16;253915;5417693;342813;223453;0.0
2020-08-17;254235;5455542;359082;224014;0.0
2020-08-18;254636;5500444;364196;225404;0.0
2020-08-19;255278;5546328;370867;226914;0.0
2020-08-20;256118;5591456;377906;228621;0.0
2020-08-21;257065;5639047;386054;230048;0.0
2020-08-22;258136;5684719;386054;232082;0.0
2020-08-23;259345;5716630;386054;232864;0.0
2020-08-24;260298;5750553;405436;233575;0.0
2020-08-25;261174;5793226;412553;234853;0.0
2020-08-26;262540;5835299;419849;236429;0.0
2020-08-27;263949;5885817;429507;237936;0.0
2020-08-28;265409;5932287;439286;239507;0.0
2020-08-29;266853;5975390;439286;240986;0.0
2020-08-30;268218;6009521;439286;241771;0.0
2020-08-31;269214;6042883;462858;242381;0.0
2020-09-01;270189;6084862;470973;243599;0.0
2020-09-02;271515;6124823;479554;244855;0.0
2020-09-03;272912;6169964;488513;246166;0.0
2020-09-04;274644;6218298;498989;247619;0.0
2020-09-05;276338;6261921;498989;248997;0.0
2020-09-06;277634;6291040;498989;249985;0.0
2020-09-07;278784;6315603;525549;250799;0.0
2020-09-08;280153;6342347;534513;252298;0.0
2020-09-09;281583;6375987;543379;253474;0.0
2020-09-10;283180;6415435;554143;255366;0.0
2020-09-11;284796;6460058;566326;256850;0.0
2020-09-12;286297;6505641;566326;258480;0.0
2020-09-13;287753;6545932;566326;259428;0.0
2020-09-14;288761;6578496;593730;260355;0.0
2020-09-15;289990;6615674;603167;261762;0.0
2020-09-16;291442;6653966;614360;263663;0.0
2020-09-17;293025;6699284;625651;265857;0.0
2020-09-18;294932;6749468;640040;267773;0.0
2020-09-19;296569;6795246;640040;270070;0.0
2020-09-20;298156;6836856;640040;271415;0.0
2020-09-21;299506;6868899;671468;272337;0.0
2020-09-22;300897;6907170;682267;274158;0.0
2020-09-23;302537;6948290;693556;275927;0.0
2020-09-24;304323;6997173;704209;278070;0.0
2020-09-25;306235;7044309;716481;280223;0.0
2020-09-26;308104;7087856;716481;282730;0.0
2020-09-27;309870;7121635;716481;284140;0.0
2020-09-28;311364;7159375;748266;285332;0.0
2020-09-29;313011;7201407;748266;287421;0.0
2020-09-30;314861;7240039;769188;289219;0.0
2020-10-01;317409;7286282;778607;291722;0.0
2020-10-02;319908;7339725;789932;294395;0.0
2020-10-03;322751;7389006;789932;296958;0.0
2020-10-04;325329;7422136;789932;299237;0.0
2020-10-05;327586;7459493;813412;300619;0.0
2020-10-06;330263;7504039;825410;303258;0.0
2020-10-07;333940;7553176;835901;306086;0.0
2020-10-08;338398;7611066;848324;310144;0.0
2020-10-09;343770;7666145;861112;314660;0.0
2020-10-10;349494;7721512;861112;319381;0.0
2020-10-11;354950;7768412;861112;322864;0.0
2020-10-12;359569;7810492;888968;325331;0.0
2020-10-13;365467;7860615;896086;329453;0.0
2020-10-14;372799;7919057;908056;334585;0.0
2020-10-15;381602;7982595;921374;341223;0.0
2020-10-16;391611;8052769;936560;348557;0.0
2020-10-17;402536;8107601;936560;356387;0.0
2020-10-18;414241;8159771;936560;361974;0.0
2020-10-19;423578;8227653;974449;366299;0.0
2020-10-20;434449;8289390;988322;373167;0.0
2020-10-21;449648;8350096;1005295;380762;0.0
2020-10-22;465726;8429717;1026281;392049;0.0
2020-10-23;484869;8511376;1046132;403291;0.0
2020-10-24;504509;8589751;1046132;418005;0.0
2020-10-25;525782;8650726;1046132;429181;0.0
2020-10-26;542789;8715290;1098320;437866;0.0
2020-10-27;564778;8792513;1116738;449275;0.0
2020-10-28;589766;8878990;1136503;464239;0.0
2020-10-29;616595;8970283;1160083;481013;0.0
2020-10-30;647674;9070130;1185678;499694;0.0
2020-10-31;679430;9157473;1185678;518753;0.0
2020-11-01;709335;9235303;1185678;532930;0.0
2020-11-02;731588;9317109;1240697;545027;0.0
2020-11-03;759829;9441875;1259366;560379;0.0
2020-11-04;790377;9542136;1284408;577593;0.0
2020-11-05;824879;9670217;1306316;597583;0.0
2020-11-06;862681;9797272;1328832;619089;0.0
2020-11-07;902490;9924336;1328832;642488;0.0
2020-11-08;935104;10044009;1328832;658505;0.0
2020-11-09;960373;10160964;1381218;671868;0.0
2020-11-10;995463;10297518;1381218;687200;0.0
2020-11-11;1028424;10445200;1417709;705687;0.0
2020-11-12;1066401;10603995;1437220;727553;0.0
2020-11-13;1107303;10783514;1458591;751095;0.0
2020-11-14;1144552;10947564;1458591;773556;0.0
2020-11-15;1178529;11087279;1458591;790503;0.0
2020-11-16;1205881;11240367;1496864;801327;0.0
2020-11-17;1238072;11405015;1510023;815746;0.0
2020-11-18;1272352;11576984;1525341;833307;0.0
2020-11-19;1308528;11769284;1541574;855916;0.0
2020-11-20;1345767;11970952;1556730;879564;0.0
2020-11-21;1380531;12150771;1556730;902528;0.0
2020-11-22;1408868;12297358;1556730;918269;0.0
2020-11-23;1431795;12478869;1582616;929133;0.0
2020-11-24;1455022;12652431;1594844;942687;0.0
2020-11-25;1480874;12832643;1605066;961320;0.0
2020-11-26;1509875;12949892;1617355;983588;0.0
2020-11-27;1538217;13164526;1628208;1006394;0.0
2020-11-28;1564532;13332750;1628208;1028089;0.0
2020-11-29;1585178;13473101;1628208;1042700;0.0
2020-11-30;1601554;13628015;1648187;1053869;0.0
2020-12-01;1620901;13825131;1656444;1067473;0.0
2020-12-02;1641610;14021291;1665775;1084743;0.0
2020-12-03;1664829;14241510;1675902;1106789;0.0
2020-12-04;1688939;14476879;1684647;1130238;0.0
2020-12-05;1709991;14698887;1684647;1153556;0.0
2020-12-06;1728878;14878212;1684647;1171323;0.0
2020-12-07;1742557;15073671;1702328;1183655;0.0
2020-12-08;1757394;15300726;1702328;1197709;0.0
2020-12-09;1770149;15516732;1712101;1218524;0.0
2020-12-10;1787147;15753677;1720056;1242203;0.0
2020-12-11;1805873;15992578;1730575;1272078;0.0
2020-12-12;1825775;16217115;1730575;1300516;0.0
2020-12-13;1843712;16408708;1730575;1320716;0.0
2020-12-14;1855737;16618531;1751884;1337078;0.0
2020-12-15;1870576;16844844;1762212;1351510;0.0
2020-12-16;1888144;17079647;1773290;1379238;0.0
2020-12-17;1906377;17319893;1785421;1406161;0.0
2020-12-18;1921778;17567839;1797236;1439938;0.0
2020-12-19;1938083;17773691;1797236;1471238;0.0
2020-12-20;1953185;17960885;1797236;1494009;0.0
2020-12-21;1964054;18157739;1819249;1510652;0.0
2020-12-22;1977370;18363670;1829903;1530180;0.0
2020-12-23;1991278;18585107;1842289;1554920;0.0
2020-12-24;2009317;18798055;1854951;1587115;0.0
2020-12-25;2028354;18925234;1854951;1612648;0.0
2020-12-26;2038759;19142672;1854951;1627103;0.0
2020-12-27;2047696;19278635;1854951;1640858;0.0
2020-12-28;2056277;19451935;1879413;1651834;0.0
2020-12-29;2067487;19657909;1893502;1664726;0.0
2020-12-30;2083689;19876203;1910218;1687185;0.0
2020-12-31;2107166;20191291;1928265;1719737;0.0
2021-01-01;2129376;20370188;1928265;1742661;0.0
2021-01-02;2141201;20642467;1928265;1755351;0.0
2021-01-03;2155446;20845869;1928265;1765666;0.0
2021-01-04;2166244;21031371;1958844;1775513;0.0
2021-01-05;2181619;21264231;1982544;1787410;0.0
2021-01-06;2201945;21523991;1982544;1808647;0.0
2021-01-07;2220361;21810234;2024904;1835038;0.0
2021-01-08;2237890;22114297;2050360;1866887;0.0
2021-01-09;2257866;22379028;2050360;1891581;0.0
2021-01-10;2276491;22589870;2050360;1908527;0.0
2021-01-11;2289021;22793833;2111782;1921024;0.0
2021-01-12;2303263;23015647;2137220;1933826;0.0
2021-01-13;2319036;23244979;2176089;1953426;0.0
2021-01-14;2336279;23480551;2211967;1978590;0.0
2021-01-15;2352423;23725554;2252164;2000958;0.0
2021-01-16;2368733;23943244;2252164;2019636;0.0
2021-01-17;2381277;24119799;2252164;2033518;0.0
2021-01-18;2390102;24260622;2336451;2040659;0.0
2021-01-19;2400598;24417510;2370742;2052028;0.0
2021-01-20;2414166;24604890;2412318;2068002;0.0
2021-01-21;2428221;24797441;2456675;2088400;0.0
2021-01-22;2441854;24989209;2499560;2106262;0.0
2021-01-23;2455185;25167382;2499560;2122679;0.0
2021-01-24;2466813;25307525;2499560;2134936;0.0
2021-01-25;2475372;25437124;2593382;2141665;0.0
2021-01-26;2485956;25588130;2629817;2148077;0.0
2021-01-27;2501147;25743586;2670102;2161275;0.0
2021-01-28;2515507;25910345;2705001;2178828;0.0
2021-01-29;2529070;26074086;2743119;2192850;0.0
2021-01-30;2541783;26225025;2743119;2205171;0.0
2021-01-31;2553032;26337882;2743119;2216363;0.0
2021-02-01;2560957;26463196;2822805;2221971;0.0
2021-02-02;2570608;26580226;2851869;2228085;0.0
2021-02-03;2583790;26704596;2883465;2237790;0.0
2021-02-04;2597446;26829625;2913425;2252001;0.0
2021-02-05;2611659;26960734;2941990;2264909;0.0
2021-02-06;2625098;27077591;2941990;2275394;0.0
2021-02-07;2636738;27167019;2941990;2284010;0.0
2021-02-08;2644707;27249817;2989085;2288545;0.0
2021-02-09;2655319;27345198;3005487;2291924;0.0
2021-02-10;2668266;27440479;3023601;2299996;0.0
2021-02-11;2683403;27547250;3041454;2310233;0.0
2021-02-12;2697296;27647830;3056035;2320093;0.0
2021-02-13;2710819;27738586;3056035;2328447;0.0
2021-02-14;2721879;27806894;3056035;2334561;0.0
2021-02-15;2729223;27862342;3086286;2338987;0.0
2021-02-16;2739591;27921563;3096343;2342843;0.0
2021-02-17;2751657;27990409;3107172;2350399;0.0
2021-02-18;2765412;28062989;3121687;2360606;0.0
2021-02-19;2780882;28138147;3133122;2369719;0.0
2021-02-20;2795796;28211929;3133122;2378883;0.0
2021-02-21;2809246;28267194;3133122;2386559;0.0
2021-02-22;2818863;28322676;3153971;2390928;0.0
2021-02-23;2832162;28396535;3161432;2394811;0.0
2021-02-24;2848564;28471560;3170644;2402818;0.0
2021-02-25;2868435;28548839;3180212;2414687;0.0
2021-02-26;2888923;28624257;3188553;2424684;0.0
2021-02-27;2907825;28695545;3188553;2434446;0.0
2021-02-28;2925265;28747309;3188553;2442336;0.0
2021-03-01;2938371;28797749;3204531;2447068;0.0
2021-03-02;2955434;28856167;3130184;2451011;0.0
2021-03-03;2976274;28923217;3136321;2460030;0.0
2021-03-04;2999119;28992158;3142358;2471942;0.0
2021-03-05;3023129;29060036;3149012;2482522;0.0
2021-03-06;3046762;29121065;3149012;2492079;0.0
2021-03-07;3067486;29162675;3149012;2500182;0.0
2021-03-08;3081368;29206765;3160970;2505193;0.0
2021-03-09;3101093;29262267;3164982;2509445;0.0
2021-03-10;3123368;29320040;3172101;2518591;0.0
2021-03-11;3149017;29381828;3178356;2532947;0.0
2021-03-12;3175807;29444429;3183704;2545781;0.0
2021-03-13;3201838;29501249;3183704;2558455;0.0
2021-03-14;3223142;29540523;3183704;2569245;0.0
2021-03-15;3238394;29591555;3195062;2575849;0.0
2021-03-16;3258770;29645622;3200024;2581329;0.0
2021-03-17;3281810;29704896;3206116;2594764;0.0
2021-03-18;3306711;29767286;3212332;2612268;0.0
2021-03-19;3332418;29828918;3212332;2629750;0.0
2021-03-20;3356331;29887785;3212332;2645783;0.0
2021-03-21;3376376;29923163;3212332;2659516;0.0
2021-03-22;3400877;29970587;3228803;2667225;0.0
2021-03-23;3419616;30023445;3234319;2674710;0.0
2021-03-24;3440862;30111203;3234319;2690523;0.0
2021-03-25;3464543;30178829;3247738;2713180;0.0
2021-03-26;3488619;30255199;3255324;2734753;0.0
2021-03-27;3512453;30319254;3255324;2755225;0.0
2021-03-28;3532057;30365574;3255324;2772401;0.0
2021-03-29;3544957;30431446;3270825;2782273;0.0
2021-03-30;3561012;30493135;3275819;2791822;0.0
2021-03-31;3584899;30562665;3284353;2808873;0.0
2021-04-01;3607083;30639521;3291394;2833173;0.0
2021-04-02;3629000;30713544;3291394;2855061;0.0
2021-04-03;3650247;30778424;3300965;2873190;0.0
2021-04-04;3668264;30816347;3300965;2885386;0.0
2021-04-05;3678944;30883434;3311325;2893883;0.0
2021-04-06;3686707;30946260;3317948;2900768;0.0
2021-04-07;3700393;31022036;3326736;2910445;0.0
2021-04-08;3717602;31102102;3336637;2930852;0.0
2021-04-09;3736526;31186855;3347512;2956316;0.0
2021-04-10;3754077;31257390;3347512;2980413;0.0
2021-04-11;3769814;31304846;3347512;2998268;0.0
2021-04-12;3779594;31367029;3370256;3011513;0.0
2021-04-13;3793033;31447868;3376548;3022323;0.0
2021-04-14;3809193;31523472;3387022;3044016;0.0
2021-04-15;3826156;31597454;3396685;3073442;0.0
2021-04-16;3842079;31680926;3407283;3099273;0.0
2021-04-17;3857443;31736413;3407283;3123077;0.0
2021-04-18;3870131;31780239;3407283;3142262;0.0
2021-04-19;3878994;31838785;3428354;3153699;0.0
2021-04-20;3891063;31901225;3428354;3163308;0.0
2021-04-21;3904899;31965571;3446072;3188192;0.0
2021-04-22;3920945;32032290;3456886;3217710;0.0
2021-04-23;3935703;32095185;3468617;3245253;0.0
2021-04-24;3949517;32150156;3468617;3268645;0.0
2021-04-25;3962674;32184924;3468617;3287418;0.0
2021-04-26;3971114;32227211;3488469;3299325;0.0
2021-04-27;3981512;32279492;3496134;3310301;0.0
2021-04-28;3994894;32334678;3504799;3332532;0.0
2021-04-29;4009208;32393504;3514942;3357268;0.0
2021-04-30;4022653;32451606;3524077;3381597;0.0
2021-05-01;4035617;32500382;3524077;3400532;0.0
2021-05-02;4044762;32530938;3524077;3416822;0.0
2021-05-03;4050708;32575560;3540430;3425982;0.0
2021-05-04;4059821;32618455;3544945;3433516;0.0
2021-05-05;4070400;32664498;3551262;3451550;0.0
2021-05-06;4082198;32710677;3559222;3473503;0.0
2021-05-07;4092747;32759092;3567408;3491988;0.0
2021-05-08;4102921;32794746;3567408;3507673;0.0
2021-05-09;4111210;32817616;3567408;3520329;0.0
2021-05-10;4116287;32849992;3581392;3527251;0.0
2021-05-11;4123230;32885469;3586333;3533376;0.0
2021-05-12;4131078;32921620;3592751;3548285;0.0
2021-05-13;4139160;32960356;3598452;3565704;0.0
2021-05-14;4146722;33002573;3604799;3577040;0.0
2021-05-15;4153374;33033330;3604799;3584934;0.0
2021-05-16;4159122;33051022;3604799;3593434;0.0
2021-05-17;4162576;33076264;3615860;3598846;0.0
2021-05-18;4167025;33105179;3619848;3603055;0.0
2021-05-19;4172525;33134783;3625928;3614095;0.0
2021-05-20;4178261;33164998;3631661;3626393;0.0
2021-05-21;4183476;33193823;3636453;3635162;0.0
2021-05-22;4188190;33215036;3636453;3642244;0.0
2021-05-23;4192183;33228821;3636453;3648958;0.0
2021-05-24;4194672;33250692;3647520;3651640;0.0
2021-05-25;4197892;33275282;3652879;3653551;0.0
2021-05-26;4201827;33299878;3657886;3656177;0.0
2021-05-27;4205970;33326719;3663176;3662490;0.0
2021-05-28;4209707;33348961;3668658;3669870;0.0
2021-05-29;4213055;33362272;3668658;3675296;0.0
2021-05-30;4216003;33369626;3668658;3679148;0.0
2021-05-31;4217821;33375900;3678390;3681126;0.0
2021-06-01;4220304;33396753;3682778;3682911;0.0
2021-06-02;4223200;33413465;3687762;3687828;0.0
2021-06-03;4225163;33431861;3693012;3692468;0.0
2021-06-04;4227719;33449726;3697981;3695633;0.0
2021-06-05;4230153;33465330;3697981;3697927;0.0
2021-06-06;4232428;33471346;3697981;3700367;0.0
2021-06-07;4233698;33485416;3707523;3701484;0.0
2021-06-08;4235592;33498456;3711027;3702688;0.0
2021-06-09;4237790;33517021;3715454;3705942;0.0
2021-06-10;4239868;33531802;3729458;3709129;0.0
2021-06-11;4241760;33556953;3733600;3711569;0.0
2021-06-12;4243482;33566113;3733600;3713480;0.0
2021-06-13;4244872;33571383;3733600;3714969;0.0
2021-06-14;4245779;33583169;3741767;3715518;0.0
2021-06-15;4247032;33593899;3745199;3716170;0.0
2021-06-16;4248432;33605807;3749031;3717625;0.0
2021-06-17;4249755;33617570;3753228;3718955;0.0
2021-06-18;4250902;33638752;3757442;3720031;0.0
2021-06-19;4252095;33647804;3757442;3721139;0.0
2021-06-20;4252976;33652761;3757442;3721981;0.0
2021-06-21;4253460;33663316;3764651;3722327;0.0
2021-06-22;4254294;33674112;3768691;3722782;0.0
2021-06-23;4255434;33686777;3773032;3723798;0.0
2021-06-24;4255700;33701253;3777539;3724806;0.0
2021-06-25;4256451;33725855;3782463;3725580;0.0
2021-06-26;4257289;33735224;3782463;3726172;0.0
2021-06-27;4258069;33739848;3782463;3726710;0.0
2021-06-28;4258456;33753431;3792642;3726929;0.0
2021-06-29;4259133;33760908;3799733;3727333;0.0
2021-06-30;4259909;33776260;3808960;3728141;0.0
2021-07-01;4260788;33791379;3821305;3729033;0.0
2021-07-02;4261582;33821136;3833868;3729682;0.0
2021-07-03;4262511;33826550;3833868;3730353;0.0
2021-07-04;4263317;33830834;3833868;3730912;0.0
2021-07-05;4263797;33839736;3866475;3731124;0.0
2021-07-06;4264704;33862018;3880612;3731564;0.0
2021-07-07;4265714;33882196;3897996;3732549;0.0
2021-07-08;4267105;33903061;3915313;3733519;0.0
2021-07-09;4268491;33950654;3937192;3734468;0.0
2021-07-10;4269885;33960773;3937192;3735420;0.0
2021-07-11;4271276;33972520;3937192;3736165;0.0
2021-07-12;4272163;34001942;3971124;3736489;0.0
2021-07-13;4273693;34028473;4015084;3737135;0.0
2021-07-14;4275846;34059598;4041474;3738683;0.0
2021-07-15;4278319;34091558;4069162;3740325;0.0
2021-07-16;4281214;34169667;4100222;3741781;0.0
2021-07-17;4284332;34183769;4100222;3743389;0.0
2021-07-18;4287458;34204098;4100222;3744681;0.0
2021-07-19;4289528;34252941;4161850;3745227;0.0
2021-07-20;4293083;34292667;4189136;3746410;0.0
2021-07-21;4297337;34340403;4219723;3748613;0.0
2021-07-22;4302393;34396927;4249258;3750503;0.0
2021-07-23;4307535;34517728;4280429;3752592;0.0
2021-07-24;4312673;34546472;4280429;3754511;0.0
2021-07-25;4317415;34574443;4280429;3755898;0.0
2021-07-26;4320530;34653816;4342054;3756856;0.0
2021-07-27;4325046;34718814;4368453;3758401;0.0
2021-07-28;4330739;34792390;4395602;3761169;0.0
2021-07-29;4336906;34864933;4422291;3764311;0.0
2021-07-30;4343519;35056375;4447044;3766765;0.0
2021-07-31;4350028;35100267;4447044;3769165;0.0
2021-08-01;4355348;35144834;4447044;3771262;0.0
2021-08-02;4358533;35253193;4502983;3772109;0.0
2021-08-03;4363374;35350945;4523310;3773875;0.0
2021-08-04;4369964;35453390;4545184;3777446;0.0
2021-08-05;4377188;35563078;4566571;3780985;0.0
2021-08-06;4383787;35814973;4588132;3784433;0.0
2021-08-07;4390684;35877976;4588132;3787639;0.0
2021-08-08;4396417;35912852;4588132;3790766;0.0
2021-08-09;4400617;36072637;4627770;3791949;0.0
2021-08-10;4406241;36190436;4643450;3794429;0.0
2021-08-11;4413162;36344889;4660473;3799425;0.0
2021-08-12;4420429;36488973;4677883;3805063;0.0
2021-08-13;4427827;36715779;4693540;3810641;0.0
2021-08-14;4435008;36788845;4693540;3816285;0.0
2021-08-15;4440669;36835632;4693540;3821013;0.0
2021-08-16;4444338;37029987;4719266;3823139;0.0
2021-08-17;4449606;37180577;4733602;3827051;0.0
2021-08-18;4456765;37348174;4745558;3835375;0.0
2021-08-19;4464005;37503394;4758003;3843775;0.0
2021-08-20;4471225;37742467;4770453;3853055;0.0
2021-08-21;4478691;37834663;4770453;3861147;0.0
2021-08-22;4484613;37878864;4770453;3868197;0.0
2021-08-23;4488779;38087086;4794352;3871865;0.0
2021-08-24;4494857;38241550;4804424;3877612;0.0
2021-08-25;4502396;38420531;4815205;3889173;0.0
2021-08-26;4509611;38604297;4822320;3901799;0.0
2021-08-27;4517434;38842970;4831809;3913828;0.0
2021-08-28;4524292;38921857;4831809;3924131;0.0
2021-08-29;4530246;38973866;4831809;3932547;0.0
2021-08-30;4534499;39203077;4847298;3937106;0.0
2021-08-31;4539991;39383037;4855065;3942856;0.0
2021-09-01;4546487;39573553;4861883;3956387;0.0
2021-09-02;4553241;39752690;4871444;3970102;0.0
2021-09-03;4559970;39988130;4877755;3984353;0.0
2021-09-04;4566126;40074039;4877755;3995188;0.0
2021-09-05;4571440;40137541;4877755;4005641;0.0
2021-09-06;4574787;40231271;4887112;4010390;0.0
2021-09-07;4579502;40440438;4892640;4017116;0.0
2021-09-08;4585423;40617363;4898258;4030681;0.0
2021-09-09;4590941;40783781;4903021;4046112;0.0
2021-09-10;4596558;41025791;4907461;4059081;0.0
2021-09-11;4601749;41114920;4907461;4070295;0.0
2021-09-12;4606413;41163271;4907461;4077640;0.0
2021-09-13;4609205;41374047;4915265;4083151;0.0
2021-09-14;4613214;41519448;4918526;4089476;0.0
2021-09-15;4618040;41692698;4922249;4101931;0.0
2021-09-16;4623155;41851474;4926324;4114856;0.0
2021-09-17;4627699;42062333;4929546;4125878;0.0
2021-09-18;4632275;42137303;4929546;4134779;0.0
2021-09-19;4636111;42182173;4929546;4142116;0.0
2021-09-20;4638516;42353973;4935534;4145852;0.0
2021-09-21;4641890;42475709;4937984;4150516;0.0
2021-09-22;4645853;42607060;4940824;4160970;0.0
2021-09-23;4649906;42736227;4943855;4171666;0.0
2021-09-24;4653696;42910991;4946601;4181393;0.0
2021-09-25;4657215;42971485;4946601;4188604;0.0
2021-09-26;4660314;43025799;4946601;4196378;0.0
2021-09-27;4662087;43181743;4951640;4199400;0.0
2021-09-28;4665049;43294491;4953930;4203571;0.0
2021-09-29;4668261;43415879;4956691;4215351;0.0
2021-09-30;4672355;43526264;4959091;4227501;0.0
2021-10-01;4675758;43681092;4961128;4237619;0.0
2021-10-02;4679067;43729295;4961128;4246136;0.0
2021-10-03;4682034;43774073;4961128;4252300;0.0
2021-10-04;4683646;43916981;4965399;4255388;0.0
2021-10-05;4686109;44012214;4967200;4260187;0.0
2021-10-06;4689341;44124389;4969503;4271734;0.0
2021-10-07;4692274;44225912;4971310;4283378;0.0
2021-10-08;4695291;44357325;4973619;4293807;0.0
2021-10-09;4698038;44396152;4973619;4302661;0.0
2021-10-10;4700316;44435822;4973619;4310273;0.0
2021-10-11;4701832;44531883;4977448;4313384;0.0
2021-10-12;4704318;44642486;4977448;4318355;0.0
2021-10-13;4707087;44750948;4980206;4330258;0.0
2021-10-14;4709753;44837895;4982138;4342640;0.0
2021-10-15;4712482;44947374;4984386;4354158;0.0
2021-10-16;4715464;44987158;4984386;4365107;0.0
2021-10-17;4717899;45018816;4984386;4373789;0.0
2021-10-18;4719493;45117769;4988878;4377845;0.0
2021-10-19;4722188;45199687;4990767;4384616;0.0
2021-10-20;4725887;45291305;4993295;4401631;0.0
2021-10-21;4729678;45369385;4995176;4417708;0.0
2021-10-22;4733557;45465336;4997732;4437280;0.0
2021-10-23;4737462;45497757;4997732;4452425;0.0
2021-10-24;4741185;45516927;4997732;4466157;0.0
2021-10-25;4743720;45629496;5002217;4472730;0.0
2021-10-26;4747773;45696152;5004143;4483203;0.0
2021-10-27;4752368;45798714;5006675;4506415;0.0
2021-10-28;4757231;45873810;5008887;4534452;0.0
2021-10-29;4762563;45968914;5011148;4559120;0.0
2021-10-30;4767440;46003209;5011148;4580663;0.0
2021-10-31;4771965;46035532;5011148;4597550;0.0
2021-11-01;4774783;46148787;5011148;4607208;0.0
2021-11-02;4777614;46217534;5016968;4618021;0.0
2021-11-03;4782802;46303127;5019255;4638419;0.0
2021-11-04;4788704;46384563;5022546;4672368;0.0
2021-11-05;4795465;46481422;5025639;4709488;0.0
2021-11-06;4802225;46516283;5025639;4743490;0.0
2021-11-07;4808047;46553110;5025639;4767033;0.0
2021-11-08;4812594;46663859;5032056;4782546;0.0
2021-11-09;4818705;46742215;5032056;4804378;0.0
2021-11-10;4826738;46837285;5038517;4844054;0.0
2021-11-11;4835435;46894927;5042803;4894250;0.0
2021-11-12;4843957;47038438;5047156;4942890;0.0
2021-11-13;4852496;47082389;5047156;4987971;0.0
2021-11-14;4860061;47114301;5047156;5021469;0.0
2021-11-15;4865260;47248337;5056954;5045076;0.0
2021-11-16;4873075;47335607;5061045;5077124;0.0
2021-11-17;4883242;47448451;5067712;5129950;0.0
2021-11-18;4893887;47558277;5074027;5195321;0.0
2021-11-19;4904441;47685153;5080663;5248291;0.0
2021-11-20;4915981;47730513;5080663;5312215;0.0
2021-11-21;4925688;47770345;5080663;5354942;0.0
2021-11-22;4932091;47914961;5096538;5385585;0.0
2021-11-23;4942135;48006305;5103315;5430911;0.0
2021-11-24;4954585;48117883;5111842;5497795;0.0
2021-11-25;4968341;48157201;5121100;5573756;0.0
2021-11-26;4982022;48210621;5131012;5650170;0.0
2021-11-27;4994891;48237160;5131012;5717295;0.0
2021-11-28;5007818;48280309;5131012;5761696;0.0
2021-11-29;5015790;48466603;5153923;5791060;0.0
2021-11-30;5028547;48583712;5164184;5836813;0.0
2021-12-01;5043620;48720826;5174720;5903999;0.0
2021-12-02;5060430;48859679;5189220;5977208;0.0
2021-12-03;5077445;49018289;5202958;6051560;0.0
2021-12-04;5094072;49084631;5202958;6116070;0.0
2021-12-05;5109082;49139815;5202958;6158125;0.0
2021-12-06;5118576;49317501;5202958;6185961;0.0
2021-12-07;5134318;49430762;5246766;6222020;0.0
2021-12-08;5152264;49580670;5246766;6291621;0.0
2021-12-09;5164780;49705200;5273178;6362232;0.0
2021-12-10;5185270;49863412;5290273;6423520;0.0
2021-12-11;5206305;49919999;5290190;6477217;0.0
2021-12-12;5225517;49972308;5290190;6509863;0.0
2021-12-13;5238221;50157794;5339992;6531606;0.0
2021-12-14;5258886;50270614;5366128;6562429;0.0
2021-12-15;5282076;50416463;5393268;6613730;0.0
2021-12-16;5308180;50558193;5422168;6670407;0.0
2021-12-17;5336795;50750844;5455527;6721375;0.0
2021-12-18;5364852;50830602;5455527;6764188;0.0
2021-12-19;5389155;50919802;5455527;6793536;0.0
2021-12-20;5405360;51159843;5535231;6809622;0.0
2021-12-21;5436143;51339257;5585054;6833050;0.0
2021-12-22;5472469;51583000;5645095;6878709;0.0
2021-12-23;5517054;51852761;5718007;6923636;0.0
2021-12-24;5567644;52101283;5718007;6959067;0.0
2021-12-25;5622431;52187948;5718007;6981281;0.0
2021-12-26;5647313;52366337;5718007;6991381;0.0
2021-12-27;5678112;52866901;5932626;7005289;0.0
2021-12-28;5756412;53228932;6032297;7026369;0.0
2021-12-29;5854428;53731041;6133057;7066412;0.0
2021-12-30;5981428;54321740;6294745;7109182;0.0
2021-12-31;6125683;54835368;6294745;7150422;0.0
2022-01-01;6266939;55024140;6294745;7176814;0.0
2022-01-02;6328076;55310110;6294745;7189329;0.0
2022-01-03;6396110;56355084;6667511;7207847;0.0
2022-01-04;6566947;57167320;6785286;7238408;0.0
2022-01-05;6756035;57829956;6922466;7297320;0.0
2022-01-06;6975465;58664969;6922466;7361660;0.0
2022-01-07;7083762;59534724;7164906;7417995;0.0
2022-01-08;7281297;59932416;7164906;7473884;0.0
2022-01-09;7436939;60417447;7164906;7510436;0.0
2022-01-10;7554344;61801347;7457300;7535691;0.0
2022-01-11;7774863;62588733;7592242;7581381;0.0
2022-01-12;7971068;63437357;7771367;7661811;0.0
2022-01-13;8155645;64298689;7930528;7743228;0.0
2022-01-14;8356514;65178723;8093036;7835451;0.0
2022-01-15;8549450;65587031;8093036;7913473;0.0
2022-01-16;8706915;66066812;8093036;7965977;0.0
2022-01-17;8790302;66741937;8424503;8000122;0.0
2022-01-18;9018425;67871414;8518975;8074527;0.0
2022-01-19;9219391;68779540;8676916;8186850;0.0
2022-01-20;9418256;69512111;8834363;8320386;0.0
2022-01-21;9603856;70353169;8975458;8460546;0.0
2022-01-22;9781191;70655656;8975458;8596007;0.0
2022-01-23;9923678;71021100;8975458;8681447;0.0
2022-01-24;10001344;71943238;9280890;8744840;0.0
2022-01-25;10212621;72436314;9395767;8871795;0.0
2022-01-26;10383561;73113429;9529320;9035795;0.0
2022-01-27;10539601;73620615;9660208;9238931;0.0
2022-01-28;10683948;74235504;9779130;9429079;0.0
2022-01-29;10821375;74414116;9779130;9618245;0.0
2022-01-30;10925485;74612072;9779130;9737215;0.0
2022-01-31;10983116;75155562;9961253;9815533;0.0
2022-02-01;11116422;75481472;10039126;9978146;0.0
2022-02-02;11235745;75811600;10125348;10186644;0.0
2022-02-03;11348701;76087070;10199716;10422764;0.0
2022-02-04;11449601;76443015;10199716;10671602;0.0
2022-02-05;11542793;76529437;10199716;10889417;0.0
2022-02-06;11621736;76612911;10199716;11022590;0.0
2022-02-07;11663338;76960254;10395471;11117857;0.0
2022-02-08;11765767;77174911;10439302;11287428;0.0
2022-02-09;11847436;77363582;10502141;11521678;0.0
2022-02-10;11923631;77535345;10555196;11769540;0.0
2022-02-11;11991109;77745074;10604200;12009712;0.0
2022-02-12;12053330;77796939;10604200;12219501;0.0
2022-02-13;12105675;77855262;10604200;12344661;0.0
2022-02-14;12134451;78025852;10672906;12421126;0.0
2022-02-15;12205474;78137203;10707286;12580343;0.0
2022-02-16;12265343;78252198;10744394;12800315;0.0
2022-02-17;12323398;78354131;10778607;13035941;0.0
2022-02-18;12377098;78499450;10809222;13255989;0.0
2022-02-19;12427773;78530855;10809222;13445094;0.0
2022-02-20;12469975;78553858;10809222;13563126;0.0
2022-02-21;12494459;78636971;10858000;13636993;0.0
2022-02-22;12554596;78726501;10880193;13762895;0.0
2022-02-23;12603758;78811759;10914105;13971947;0.0
2022-02-24;12651251;78878932;10949997;14188269;0.0
2022-02-25;12693320;78953391;10977524;14399012;0.0
2022-02-26;12732680;79000802;10977524;14574845;0.0
2022-02-27;12764558;79019025;10977524;14682758;0.0
2022-02-28;12782836;79117942;10977524;14745107;0.0
2022-03-01;12829972;79164646;11036085;14867218;0.0
2022-03-02;12867918;79218242;11054888;15053624;0.0
2022-03-03;12910506;79266919;11078028;15264297;0.0
2022-03-04;12948859;79318236;11100428;15481890;0.0
2022-03-05;12990223;79333155;11100428;15674100;0.0
2022-03-06;13026112;79345552;11100428;15790989;0.0
2022-03-07;13048774;79409702;11136425;15869417;0.0
2022-03-08;13109527;79439510;11159574;16026216;0.0
2022-03-09;13159342;79477256;11181510;16242070;0.0
2022-03-10;13214498;79523871;11204125;16504822;0.0
2022-03-11;13268459;79573590;11223974;16757658;0.0
2022-03-12;13323179;79583808;11223974;16994744;0.0
2022-03-13;13373207;79594859;11223974;17141351;0.0
2022-03-14;13402905;79630291;11223974;17233729;0.0
2022-03-15;13489319;79654683;11260040;17432617;0.0
2022-03-16;13563466;79700834;11260040;17695210;0.0
2022-03-17;13645834;79754029;11260040;17990141;0.0
2022-03-18;13724411;79785412;11324637;18287986;0.0
2022-03-19;13800179;79796289;11324637;18548225;0.0
2022-03-20;13861743;79807738;11324637;18680017;0.0
2022-03-21;13895188;79850045;11324637;18772331;0.0
2022-03-22;13992092;79874623;11378784;18994411;0.0
2022-03-23;14070450;79915649;11378784;19278143;0.0
2022-03-24;14153098;79958655;11378784;19596530;0.0
2022-03-25;14229495;80005107;11451676;19893028;0.0
2022-03-26;14304111;80014541;11451676;20145054;0.0
2022-03-27;14364723;80026331;11451676;20256278;0.0
2022-03-28;14396283;80065331;11451676;20323779;0.0
2022-03-29;14496579;80089520;11508309;20561131;0.0
2022-03-30;14567990;80128718;11508309;20829608;0.0
2022-03-31;14642354;80174387;11508309;21357095;0.0
2022-04-01;14719394;80206622;11551574;21357039;0.0
2022-04-02;14790806;80218423;11551574;21553495;0.0
2022-04-03;14845815;80223178;11551574;21668677;0.0
2022-04-04;14877144;80252129;11551574;21668677;0.0
2022-04-05;14966058;80277798;11578653;21849074;0.0
2022-04-06;15035943;80318778;11578653;22265788;0.0
2022-04-07;15106066;80369434;11578653;22441051;0.0
2022-04-08;15173707;80444487;11627487;22591726;0.0
2022-04-09;15238128;80457206;11627487;22647197;0.0
2022-04-10;15292048;80466740;11627487;22677986;0.0
2022-04-11;15320753;80507126;11627487;22878428;0.0
2022-04-12;15404809;80542904;11662214;23017079;0.0
2022-04-13;15467395;80598345;11662214;23182447;0.0
2022-04-14;15533012;80649077;11662214;23339311;0.0
2022-04-15;15595302;80684528;11662214;23376879;0.0
2022-04-16;15659835;80696872;11662214;23416663;0.0
2022-04-17;15712088;80704379;11662214;23437145;0.0
2022-04-18;15730676;80765876;11662214;23459628;0.0
2022-04-19;15758002;80805187;11736893;23658211;0.0
2022-04-20;15858442;80874174;11736893;23844536;0.0
2022-04-21;15934437;80935931;11736893;24006254;0.0
2022-04-22;16008181;81026026;11786036;24141333;0.0
2022-04-23;16079209;81045774;11786036;24180512;0.0
2022-04-24;16136057;81059280;11786036;24200596;0.0
2022-04-25;16161339;81129586;11786036;24337394;0.0
2022-04-26;16191323;81175007;11833457;24337394;0.0
2022-04-27;16279754;81265097;11833457;24609159;0.0
2022-04-28;16349788;81342523;11833457;24710769;0.0
2022-04-29;16409183;81403800;11896152;24798067;0.0
2022-04-30;16463200;81427810;11896152;24809785;0.0
2022-05-01;16504791;81444531;11896152;24813817;0.0
2022-05-02;16523859;81539357;11896152;24927339;0.0
2022-05-03;16586268;81589062;11953481;25033970;0.0
2022-05-04;16633911;81701197;11953481;25130137;0.0
2022-05-05;16682626;81789890;11953481;25215210;0.0
2022-05-06;16726990;81918791;12009059;25287462;0.0
2022-05-07;16767773;81946645;12009059;25295950;0.0
2022-05-08;16798998;81952437;12009059;25299300;0.0
2022-05-09;16816419;82082675;12058888;25406868;0.0
2022-05-10;16872618;82153090;12058888;25503878;0.0
2022-05-11;16915301;82313446;12058888;25592839;0.0
2022-05-12;16954784;82427617;12058888;25661838;0.0
2022-05-13;16993813;82515149;12127122;25723697;0.0
2022-05-14;17030147;82532252;12127122;25729848;0.0
2022-05-15;17057873;82564392;12127122;25732153;0.0
2022-05-16;17071649;82743325;12127122;25818405;0.0
2022-05-17;17116550;82828079;12179234;25890456;0.0
2022-05-18;17147477;83032009;12179234;25949175;0.0
2022-05-19;17178199;83167371;12179234;25998085;0.0
2022-05-20;17205017;83316621;12179234;26040460;0.0
2022-05-21;17229263;83343563;12234806;26044283;0.0
2022-05-22;17247552;83363166;12234806;26045528;0.0
2022-05-23;17257573;83505877;12234806;26109965;0.0
2022-05-24;17288287;83589090;12238073;26159106;0.0
2022-05-25;17312432;83799362;12238073;26198811;0.0
2022-05-26;17333299;83945070;12280345;26200663;0.0
2022-05-27;17355119;84053312;12326264;26240639;0.0
2022-05-28;17373741;84066065;12326264;26243352;0.0
2022-05-29;17388877;84071889;12326264;26244107;0.0
2022-05-30;17396723;84132820;12326264;26305996;0.0
2022-05-31;17421410;84303393;12326264;26360953;0.0
2022-06-01;17440232;84531065;12360256;26409455;0.0
2022-06-02;17457950;84652992;12360256;26452148;0.0
2022-06-03;17467642;84810800;12403245;26493235;0.0
2022-06-04;17490451;84837269;12403245;26493235;0.0
2022-06-05;17505973;84852164;12403245;26496611;0.0
2022-06-06;17514589;85015130;12403245;26498361;0.0
2022-06-07;17543136;85101992;12436538;26583016;0.0
2022-06-08;17566061;85301396;12436538;26660652;0.0
2022-06-09;17589595;85444526;12436538;26738530;0.0
2022-06-10;17611607;85552295;12478994;26803867;0.0
2022-06-11;17634065;85586297;12478994;26803867;0.0
2022-06-12;17653375;85602873;12478994;26809245;0.0
2022-06-13;17664043;85757502;12478994;26915085;0.0
2022-06-14;17703887;85847627;12515127;27007429;0.0
2022-06-15;17736696;86032558;12515127;27096571;0.0
2022-06-16;17773764;86162743;12515127;27124689;0.0
2022-06-17;17809934;86302151;12563399;27204953;0.0
2022-06-18;17844905;86318630;12563399;27204955;0.0
2022-06-19;17879160;86335558;12563399;27211896;0.0
2022-06-20;17896065;86432339;12563399;27334993;0.0
2022-06-21;17959329;86544228;12613634;27454225;0.0
2022-06-22;18014202;86729730;12613634;27573585;0.0
2022-06-23;18071634;86879094;12613634;27681775;0.0
2022-06-24;18128044;86996913;12681820;27771111;0.0
2022-06-25;18184917;87036551;12681820;27771112;0.0
2022-06-26;18234242;87057631;12681820;27771911;0.0
2022-06-27;18259261;87221662;12681820;27914240;0.0
2022-06-28;18343422;87318916;12734038;28048190;0.0
2022-06-29;18438877;87509265;12734038;28180861;0.0
2022-06-30;18523111;87676950;12734038;28293960;0.0
2022-07-01;18610011;87834070;12818184;28392629;0.0
2022-07-02;18695954;87853068;12818184;28392630;0.0
2022-07-03;18768871;87860350;12818184;28394995;0.0
2022-07-04;18805756;87940798;12818184;28542484;0.0
2022-07-05;18938771;88080958;12890002;28673212;0.0
2022-07-06;19048788;88281552;12890002;28808614;0.0
2022-07-07;19157174;88423636;12890002;28926346;0.0
2022-07-08;19259037;88561988;12973615;29022265;0.0
2022-07-09;19357938;88589412;12973615;29022265;0.0
2022-07-10;19439501;88612362;12973615;29025760;0.0
2022-07-11;19523262;88814577;12973615;29180489;0.0
2022-07-12;19667320;88961838;13032841;29308100;0.0
2022-07-13;19778911;89165244;13032841;29460249;0.0
2022-07-14;19887543;89339477;13032841;29569943;0.0
2022-07-15;19985479;89489336;13090476;29692989;0.0
2022-07-16;20076863;89528797;13090476;29692989;0.0
2022-07-17;20145859;89547608;13090476;29692989;0.0
2022-07-18;20177910;89712243;13090476;29853680;0.0
2022-07-19;20299013;89830497;13132159;29994679;0.0
2022-07-20;20385814;90046261;13132159;30131303;0.0
2022-07-21;20467349;90200438;13132159;30239122;0.0
